Item,Condition,Sentence,Target,score,tscore,tok_scores
1,masculine-neu,Klicke auf sein,sein,4.598051071166992,20.42087173461914,"[('Klicke', 10.966875076293945), ('auf', 12.023382186889648), ('sein', 20.42087173461914)]"
1,masculine-fem,Klicke auf seine,seine ,4.613123893737793,19.530414581298828,"[('Klicke', 10.966875076293945), ('auf', 12.098735809326172), ('seine', 19.530414581298828)]"
1,masculine-masc,Klicke auf seinen,seinen ,4.557976722717285,20.442840576171875,"[('Klicke', 10.966875076293945), ('auf', 11.823017120361328), ('seinen', 20.442840576171875)]"
2,feminine-neu,Klicke auf ihr,ihr ,4.408759117126465,20.111431121826172,"[('Klicke', 10.966875076293945), ('auf', 11.076915740966797), ('ihr', 20.111431121826172)]"
2,feminine-fem,Klicke auf ihre,ihre ,4.600918769836426,19.77376365661621,"[('Klicke', 10.966875076293945), ('auf', 12.037715911865234), ('ihre', 19.77376365661621)]"
2,feminine-masc,Klicke auf ihren,ihren,4.48187780380249,20.667457580566406,"[('Klicke', 10.966875076293945), ('auf', 11.442514419555664), ('ihren', 20.667457580566406)]"
3,determiner-neu,Klicke auf ein,ein,3.099804401397705,20.480302810668945,"[('Klicke', 10.966875076293945), ('auf', 4.532146453857422), ('ein', 20.480302810668945)]"
3,determiner-fem,Klicke auf eine,eine,3.134803295135498,21.24688720703125,"[('Klicke', 10.966875076293945), ('auf', 4.707141876220703), ('eine', 21.24688720703125)]"
3,determiner-masc,Klicke auf einen,einen,3.11487078666687,21.67285919189453,"[('Klicke', 10.966875076293945), ('auf', 4.607486724853516), ('einen', 21.67285919189453)]"
